{
    "male": {
        "mu": 9.797322883118452,
        "sigma": 1.0198874290576245
    },
    "female": {
        "mu": 9.196498086045013,
        "sigma": 1.0583795934104756
    }
}