{
    "male": {
        "mu": 9.773220258604892,
        "sigma": 1.0183917510516156
    },
    "female": {
        "mu": 9.191988874525432,
        "sigma": 1.0547688906934871
    }
}