{
    "male": {
        "mu": 9.735869308907168,
        "sigma": 1.1692450173272408
    },
    "female": {
        "mu": 9.154637924827709,
        "sigma": 1.211010663236052
    }
}