{
    "male": {
        "mu": 9.719949422586858,
        "sigma": 1.1827087150074478
    },
    "female": {
        "mu": 9.119124625513418,
        "sigma": 1.2273460121664883
    }
}