{
    "col_sample": 0.8839281988826879,
    "learning_rate": 0.07045898968498444,
    "max_depth": 7,
    "minibatch_frac": 0.8100594988383205,
    "n_estimators": 800,
    "best_cv_loss": 8506.96192219776,
    "oos_crps": 8553.709864717772
}